Text,ans1,ans2,ans3,ans4,ans5,Final
ครูอึ้ง! โดนเซอร์ไพรส์ แต่ดันเจอเซอร์ไพรส์กลับ..,5,5,5,5,5,5
วันนี้พระจันทร์น่ารักมาก :-),1,2,2,2,1,2
ฮือฮา! 'พระพุทธรูปสิ่งศักดิ์สิทธิ์' ที่อยู่ในสะพานเดินเรือหลวงสุโขทัย ยังตั้งตรงอยู่ที่เดิม แม้จมใต้ทะเลนานนับปี,5,5,5,5,5,5
"""กลัวเธอจะหนีไป..กลัวเธอจะใจร้าย""",4,4,4,0,4,4
มีคนแปลกหน้า เข้ามาหาเรื่องเรา,3,3,3,3,3,3
ขอให้พบเจอความรักที่ดีตลอดปีกันนะครับ :),2,2,2,2,2,2
คลาสสิคมากกกก ชอบ เขียนจดหมายถึงแฟน,2,2,2,1,2,2
"Social แห่หวาดกลัว BTC ลงหนัก กังวลได้เห็น $20,000-25,000",4,4,4,4,4,4
ฉันดีใจน้ำตาจะใหล,1,1,1,1,1,1
ขอให้หนูแข็งแรง เติบโตอยู่ในนี้นะ,2,2,2,2,2,2
ทรมานกับความรู้สึกแบบนี้ ไม่อยากตื่นมาเลย,0,0,0,0,0,0
แต่ที่ไม่มีคือความสุข ไม่มีอิสระ จะไปไหนทำอะไรก็ไม่ได้,0,0,0,0,0,0
ฉันจะไม่เปิดประตูบ้านทิ้งไว้เด็ดขาด ฉันกลัว!!,4,4,4,4,4,4
มีใครคุยเป็นเพื่อนเราได้บ้าง,0,0,0,0,0,0
เกิดเหตุการณ์ไม่คาดฝันในงานแต่งงานที่อุซเบกิสถาน เมื่อเจ้าบ่าวตบเจ้าสาวกลางงานระหว่างเล่นเกมทายขนม!,5,5,5,5,5,5
ข่าวดีประจำเดือน,1,1,1,1,1,1
ยาคูลท์เขาน่ารักมากจริงๆนะ,2,2,2,2,2,2
ดีมากจริงๆครับบ!!!!,1,1,1,1,1,1
อีดอก อี ตม.เกาหลี นี่ต้องถึงขั้นรู้ค่ารถไฟไปที่พัก ถึงจะเข้าประเทศมึงได้หรอ มึงบ้าป่ะไอ้ชายยย!!!!!,3,3,3,3,3,3
แบบนี้ไม่ได้นะ...จะมาให้ผู้ชายมานอนใต้ที่นั่ง ที่ผู้หญิงเค้านอน เป็นใครก็กลัว ถ้าเกิดอะไรขึ้นจะทำไง,4,4,4,4,4,4
ความปลอดภัยในการเดินทางอยู่ไหน???,4,4,4,4,4,4
186ชีวิต ระทึกกลางเวหา พาวเวอร์แบงก์แบงก์ ระเบิดบนเครื่องบิน,5,4,5,4,5,5
นักแสดงยังหลุดขำแล้วคนดูจะเหลือหรอ 5555555,1,1,1,1,1,1
เรื่องเกี่ยวกับสามีของเขาที่มีพฤติกรรมแปลกๆพอรู้ความจริงคือช้อคมาก มันมีจริงๆนะคนแบบนี้ เหมือนเราไม่รู้จักเขาเลย,5,4,4,4,5,4
พอคุณตากลับมาก็มาเก็นเรานั่งร้องไห้กอดเสาบ้าน คือ มันไม่รู้จะทำยังไงตอนนั้นอ่ะ มันเหนื่อยมากกก มันรับมือไม่ถูก,0,0,0,0,0,0
ตลกชิบหายคอนเทนต์พี่คนนี้ คิดได้ไง,1,1,1,1,1,1
ต้องฉากกังฟูแพนด้าตะโกนคุยบนหลังคาเลย 5555555555 ตอนดูครั้งแรก ขำพุ่ง😆เรียลมาก,1,1,1,1,1,1
กลัวประชาชนจะรู้ สิ่งต่างๆที่พวกท่านซุกไว้ใต้พรมอย่างนั้นหรือ??,3,3,3,3,3,3
แฟนคลับวงนี้ไม่มีมารยาทเลยนะเอาดี เขายังไม่ให้ไปยืนแต่ดูสภาพ ขวางทางเดินมากยิ่งกว่าลิงลพอีกอะ,3,3,3,3,3,3
ไม่มีผืนน้ำแข็งที่คุ้นเคยแล้ว โลกร้อนขึ้นจริงๆ สงสารน้องหมีมากกกก,0,0,0,0,0,0
ทำไมคุณพูดแบบนี้,0,5,0,0,0,0
ตลกมากตอนวิ่งโป๊ ออกมาจากห้องน้ำเพราะกางเกงไม่มีแล้ว,1,1,1,1,1,1
เลิกอยากมีสังคมนานแล้ว เบื่อการออกไปฟังคนอื่นนินทากัน,0,0,0,0,0,0
ฟสบุ๊คของคุณปู่เต็มไปด้วยรูปเซลฟี่ของโยริโกะคู่หูที่ไม่น่าจะเป็นไปได้,5,5,5,5,5,5
นี่คือมิตรภาพระหว่างมนุษย์และปลาอันยาวนาน,2,2,2,2,2,2
อยากอยู่ในวงการนานๆ อยากมีคนรักเยอะๆ ไม่ต้องเปลี่ยนชื่อค่ะ ไปเปลี่ยนสันดานก่อน⚡️🔥 หลักฐานมากี่โมง??ไม่มีเหตุผลใดๆที่ต้องทำร้ายผู้หญิง  ,3,3,3,3,3,3
ทำทุกครั้งที่เจอกันให้ สำคัญและน่าจดจำที่สุด...  จากครั้งแรกๆที่ทักว่าไม่ค่อยได้เห็น... ผ่านไปปีกว่าเห็นกันจนจำได้ละ #ดีใจ💕 ขอบคุณความรักความใส่ใจที่มีให้กันมาตลอด  อยู่เป็นกำลังใจให้กันแบบนี้ไปเรื่อยๆเลยโน๊ะ,2,2,2,2,2,2
กูทนได้ทุกอย่างบนโลก ยกเว้นอากาศร้อน,3,3,3,3,3,3
ทั้งหมาทั้งแมว ตอนแรกก็น่ารัก ตอนนี้อยากปล่อยวัด 😂,1,1,1,1,1,1
ระทึกกลางเวหา พาวเวอร์แบงก์แบงก์ ระเบิดบนเครื่องบิน ขณะบินจากดอนเมืองไปนครศรีฯ ลูกเรือไหวพริบดีใช้เวลาเพียง 2 นาที ดับไฟเรียบร้อย ผู้โดยสารปลอดภัยทุกคน,4,4,4,4,4,4
อย่าเรียกว่าหวยใต้ดิน มันดูหมิ่นกันเกินไป ให้เรียกว่าคณิตศาสตร์ชาวบ้านที่ไม่ประสานงานกับทางรัฐ,1,1,1,1,1,1
"บุคคลที่แย่ที่สุดคือ ""คนที่ปล่อยพลังลบ"" ใส่คนอื่นตลอดเวลา แต่ว่าไม่รู้ตัวว่าตัวเองคือ ""พลังลบ"" แล้วคิดว่าตัวเองเป็น ""คนดี""",3,3,3,3,3,3
แล้วคือคนไทยมันเป็นงี้จริงๆ ชวนแดกทั้งวัน เวลาซื้อของฝากไปให้ใครก็ซื้อของกิน แล้วชอบบอกว่ากินนิดหน่อยไม่อ้วน แต่ชวนกินทั้งวันนะ เจอหน้ากันก็คือถามว่ากินข้าวยัง กินไรก่อนปะ 555555555 เรื่องกินเรื่องใหญ่ของแท้ 55555555555555555,1,1,1,1,1,1
ตกใจเสียงกรี๊ดแระ เลยรีบเดินหลบกะถางต้นไม้ 😳😳😳🐍,5,5,5,5,5,5
กุก็ว่าเชฟเก่งแม่งไม่ธรรมดาแน่นอนเพราะว่าเชฟเก่งคือเชฟผู้ท้าชิงที่ชนะเชฟเอียนเชี้ยคือว้าวมากกกก🥹🤘🏻🤘🏻,5,5,5,5,5,5
เคอร์ทำผมทรงรับปริญญาอ่อ อย่างเหมือน 55555555555555555555555555555 ,1,1,1,1,1,1
คือเชฟเจมส์จะขี้โม้อะไรนี่ไม่ว่า ขออย่างเดียวคือขอให้สกิลผลงานดีเหมือนที่คุยเอาไว้ สงสารทีม จากนำๆอยู่กลับมาร่วงเลย นี่ลุ้นให้น้ำเงินทำคะแนนได้เยอะๆเพราะยังไงคะแนนต้องมาเสียที่เปียโร่อยู่แล้ว ถ้าวีคนี้ครัวน้ำเงินพัง ไม่ต้องสงสัยเลยว่าใครจะออก,3,3,3,3,3,3
ทำไมมันเขินจังอะ มันมีมวลอะคะเนี่ย มวลความรักหรอ ฟุ้งไปหมดเลย ตัดไปเขินไป 🤭🥰❤️,2,2,2,2,2,2
ร้องสดอ่ะแก~ ฉันนั่งยิ้มอยู่ที่หน้าจอ เก่งมากเจ้าเด็ก💕🥹,2,1,2,1,2,2
แค่สองปี เต่าบินจากเริ่มต้นก็ถึงจุดพีคแล้วเป็นขาลงเลย ไวมากเลย ถ้าสิ่งนี้เกิดในจีนหรืออเมริกาจะโตได้อีกมาก แต่ในไทยแปปเดียวเต็ม,5,5,5,5,5,5
เกิดเหตุการณ์ไม่คาดฝันในงานแต่งงานที่อุซเบกิสถาน เมื่อเจ้าบ่าวตบเจ้าสาวกลางงานระหว่างเล่นเกมทายขนม!,5,5,5,5,5,5
คัลเลนกับพี่จองบอกตอนไปแก่งกระจาน เดินเฉียดงูที่ชูคออยู่ด้วย แต่ตอนนั้นไม่รู้ว่าคืออะไร อิงๆตอนตัดคลิปก็ไม่เห็น นี่ลองย้อนดู เฮ้ยยย จริงด้วย งูตัวใหญ่ม๊ากกก โชคดีพี่จองไม่เดินไปเหยียบ 😭 บุดด้าคุ้มครองนะคะ ,5,5,5,5,5,5
ประเทศกูมาถึงจุดที่เด็กฆ่ากันเป็นเรื่องปกติแล้ว ไล่แทงไม่พอยังไปตามกระทืบบนรถ จนสุดท้ายอีกฝ่ายเสียชีวิต เราจะอยู่กันแบบนี้หรอวะ น่ากลัวมากจริงๆ  !!!!!!,4,4,4,4,4,4
คัลแลนดันพูดว่าน่าอร่อยแล้วเอื้อมมือไปจับ พี่จองเลยตีมือบอกไม่ดั่ยยย คัลแลนหงอยเลยไม่ด้ายหลอ 🥺,0,0,0,0,0,0
หลงไม่ไหวแล้วแก🥰🥰🥰🥰🥰🥰,2,2,2,2,2,2
หรือความจริงไม่เคยมีใครรักเรา การจากไปอาจจะไม่มีใครเสียใจก็ได้,0,0,0,0,0,0
ฉันโคตรดิ่งเลย ไม่อยากตื่นมารับรู้เรื่องราวในชีวิตเฮงซวยแบบนี้อีกแล้ว มีวิธีฆ่าตัวตายที่ทรมานน้อยที่สุดมั้ย ไม่อยากอยู่ โลกนี้มันไม่ได้น่าอยู่ มันไม่เหมาะกับฉัน ใครจะรู้บ้างว่าเด็กคนนึงต้องเจออะไร,0,0,0,0,0,0
อันนี้แอบหลอน ทางทีมงาน #พี่นาค4 ไปถ่ายทำกันในโบสถ์ร้างที่วัดบางลี่ แต่ทีนี้จังหวะที่ถ่ายกันก็มีเสียงฮัมเพลงแทรกเข้ามา พอมีคนเผลอสบถกันในเขตโบสถ์ก็มีคนได้ยินเสียง ’มึงอยากตายเหรอ‘,4,4,4,4,4,4
#พี่จอง คือพี่ชายที่อบอุ่นที่สุดในโลก🥺🩷  ภาษากายบอกรักฉบับพี่จอง ไม่ต้องพูดว่ารักก็รู้ว่ารัก ,2,2,2,2,2,2
อย่าดีเกินไป อย่าซื่อเกินไป อย่ายอมเกินไป เพราะบางคนเขาไม่มองว่าเราดี แต่เขาคิดว่าเราโง่,0,3,0,3,0,0
บางทีเห็นคนไปเที่ยวแล้วเปิดประชุม zoom ริมทะเล แล้วบอกว่านี่คือ work-life balance ส่วนตัวว่ามันไม่ใช่อ่ะ work-life balance ที่แท้จริงคือควรจะไปเที่ยวได้โดยไม่ต้องเป็นห่วงงานหรือต้องไปนั่งประชุมหรือเปล่านะ 😅,0,0,0,3,0,0
สงสารน้องมาก อีขอทานเขมรใจร้าย ล่ามน้องเป็ดไว้ขอทานแถวซอยคาวบอย จิตใจมึงทำด้วยอะไร ทำไมเหี้ยขนาดนี้ !!!!,3,3,3,3,3,3
ออมอ พี่โดยองถอดสูทด้านนอกออกให้กายองหรออออ กรี้ดดดดดดดดด คือพี่หล่อเกิรรรรรรรรรรㅠㅠㅠㅠㅠㅠㅠ,5,1,1,2,5,5
ชอบ pretty boy ท่อนนี้มาก คือนุนิวมีความศิลปินสูงมาก shine สุดๆความร้องสลับท่อนกับ ฟค. มีจังหวะรับจังหวะโยน มีความเป็นตัวเองที่ร้องไปยิ้มไป มือไม้กำลังพอดี ทุกอย่างลงตัว เสียงก็เพราะ หน้าก็หวาน คือทำถึงมากอะ คือนี่อยากฟังฮีร้องเพลงอีกหมื่นปีเลยค่ะ my pretty boy ✨,1,1,1,1,1,1
โอ้มายก็อตตตต มันเริ่ดมากลูกแม่ มันชอบตอนสะบัดผมมากกกกก,1,1,1,1,1,1
ตอนนั้นก็กลัวจนแม่งง ตอนนี้ก็รักกันจนแม่งงเหมือนกัน 55555555555555 มีจงมีจุ๊บ มีกงมีกอดดดดด 🤣🤣,2,2,2,1,2,2
น่ากลัวชิบหาย เพื่อนแฉพฤติกรรมไอ้ทอย ชอบใช้ความรุนแรงตั้งแต่เด็ก และเคยกรีดหน้าตัวเอง กรีดแขน แล้วกินเลือดตัวเอง มันเป็นปีศาจแล้วไม่ใช่คน,4,4,4,4,4,4
น่ากลัวมาก ไฟไหม้ยกหลัง เจอหนึ่งศพไหม้เกรียม แต่เจ้าของบ้านออกไปข้างนอกพอดี เช็คครอบครัวเช็คญาติอยู่ครบ แล้วศพคือใคร😱,4,4,4,4,4,4
พอเห็นสตอรี่ไอจีโยเกิร์ต ยิ่งสงสารจับใจเลย #โยเกิร์ต #พีเค,0,0,0,0,0,0
ไม่สนับสนุนแต่ตัวเองทำเองฉ้ำ อุงเอิงเลยเอาใหญ่เพราะมีแบล็คหลังให้ไง ทำอะไรโดยไม่แคร์ใครไม่ให้เกียรติ  #อุงเอิง,3,3,3,3,3,3
พึ่งรู้ว่าที่ผ่านมาเธอไม่เคยคิดที่จะจริงจังกับเราเลย... #เศร้า,0,0,0,0,0,0
ทำไมต้องเป็นเรา ที่ต้องเจ็บอยู่ฝ่ายเดียวววว,0,0,0,0,0,0
หลานม่าช่างน่ารักน่าเอ็นดู ยิ้มทีใจละลาย,1,2,2,1,1,1
น่ากลัวโคตร ถ้าเป็นตัวเราเองสภาพจิตใจคงไม่ไหวแล้วอะ ทุกคนดูน่ากลัวเกิน,4,4,4,4,4,4
เรื่องนี้คืออุบัติเหตุบนเครื่องบินที่น่ากลัวมาก,4,4,4,4,4,4
กลัวว่าวันนึงใจจะด้านชาจนรักใครสักคนไม่เป็น,4,4,0,0,4,4
ลีอาย่า ไม่ใช่ความผิดของเธอเลยนะ แต่ฉันคิดถึงเธอมากเลย,2,0,0,0,2,0
ฉันรักเธอมากนะลีอา ขอบคุณที่มานะ,2,2,2,2,2,2
กลัวอ่า~,4,4,4,4,4,4
กูกลัวกดบัตรไม่ได้,4,4,4,4,4,4
แอบตกใจกับเสียงในคลิปที่มีเสียงผญพูดขึ้นมาว่า “คนนี้ดังหรอ” คือไม่รู้เจตนาหรอก แต่ในเมื่อถ้าเป็นสื่อแล้วขอเค้าถ่ายคลิปก็น่าจะศึกษาข้อมูลบ้าง หรือถ้าไม่รู้จักจริงๆก็ควรจะไปถามคนอื่นมั้ย มาพูดต่อหน้าตอนถ่ายเขาอยู่ต่อให้เขาฟังไทยไม่ออกก็เถอะ นิดนึงอะ,5,5,5,5,5,5
ยอมรับว่า ตกใจ,5,5,5,5,5,5
ไม่ต้องขอโทษ ไม่ได้โกรธ แค่เสียใจ,0,0,0,0,0,0
โมโหอารมณ์ร้อน,3,3,3,3,3,3
โมโหแทนน้องมากทั้งอินเอียร์มีปัญหาจนน้ิองต้องเดินมาพูดข้างเวที น้องทุ่มเทอยากให้ออกมาดี ล่ามแปลไม่ครบจนน้องบอกให้ช่วยแปลให้หมด,3,3,3,3,3,3
ฉันรู้สึกเหมือนทำอะไรไม่ถูกเลย,4,4,4,0,4,4
ดีใจ ก็เหี้ยละทำสุขภาพจิตกูชิบหายขนาดนี้,3,3,3,3,3,3
กุทำประจำ 555555555555555555,1,1,1,1,1,1
ให้กำลังใจคนอื่น ทั้งๆที่ตัวเองไม่เหลือเหี้ยไรละ,0,0,0,0,0,0
ใจมึงมันเหี้ยมาก ล้อเลียนคนสมองพิการไม่พอ มึงยังไปต่อยหน้าเขาอีก สัส,3,3,3,3,3,3
ผู้คนโดยเฉพาะไอเหี้ยนั่น เป็นห่าเหวอะไรกันหมด,3,3,3,3,3,3
อุ้ย ปะปี๊ ทำแบบนี้ทำไม มันหล่อเนี่ย,5,5,5,5,5,5
ไอเหี้ย จนวันสุดท้ายพี่เค้าก็แรงต่อเนื่อง,5,5,5,5,5,5
ส้นตีนมากจริงๆ ไอ้เหี้ยนี่ลักลอบขนอสุจิไปที่ลาวกับกัมพูชา เป็นแก๊งค์ค้ามนุษย์ อุ้มบุญข้ามชาติ มีคนจีนเป็นนายทุนอยู่เบื้องหลัง จีนเทาเต็มประเทศไปหมดแล้ว สารเลวมากจริงๆ!!!!!,3,3,3,3,3,3
คือแอบตกใจเพราะใกล้เกิน พี่ฮาร์ทฮีลงมาเล่นกับเพื่อน5555555 ,5,1,1,1,5,1
ไปเจอฉากนี้มาใน​ Netflix จากเรื่องมหาลัยเที่ยงคืน​ แอบตกใจเล็กๆเพราะเซตติ้งเอย​ ฟีลลิ่งเอย​ มีความคล้ายคลึงฉากใน​ Moon​ Knight​ ตอนที่​ มาร์ค สเปคเตอร์อยู่ในนิมิตโรงพยาบาลบ้ามากๆ​ คือถ้าฉากนี้เขาปรับมู้ดแอนด์โทนกับซาวด์เอฟเฟกต์ให้วังเวงมากขึ้นนะ​ ได้ติดอันดับฉากสยองขวัญแน่ๆ,5,5,5,5,5,5
ละดูตอนนั้นจิพิเตนล์พูดอะไรน้องชิอนก็พยักหน้าหงึกๆ น่ารัก,2,1,2,2,2,2
ความน่ารักน้อ น้องชอบบ๊ายบายข้างหลังงี้มาก เวลารีบๆ ต้องไปแล้วแต่ไม่ทอดทิ้งคนข้างหลังเว่อ ฮื่อ น่ารัก ,2,2,2,2,2,2
ไปเป็นเพลงได้ไงไม่รู้ แต่ปั่นสะบัด กุซิกจนหน้าจะไม่เป็นมนุดอยู่ละ,1,1,1,1,1,1
ไปค่ะ 1 หมื่น เพื่อ 1.2M ไม่สรุปก็ปั่นต่อ 5555555555,1,1,1,1,1,1
ขี่แล้ว ปั่นอยู่ ขับต่อ น้องอึนโฮรับตำแหน่งสารถีบ่หนิ555555555555,1,1,1,1,1,1
โคตรเศร้าที่เราต้องจบคสพกัน แบบที่เรายังอยากมีกันตลอดไป,0,0,0,0,0,0
ฟังเพลงรักได้ไม่กี่วัน กูต้องมาฟังเพลงเศร้าอีกละหรอเนี่ย,0,0,0,0,0,0
เฟรมนี้มีแต่อะไีรน่ารักเต็มไปหมด พี่ลีอายืนโบกไลท์ริง ฮันยอนจินยืนเต้นตอนเพลงเค้ก รักความสัมพันธ์พวกนี้สุดๆ,2,1,2,2,2,2
มุขแบบไทยจ๋ามาก ปั่นมากกก ซงซานเด่กเกาหลี ท้อกะพี่ละอะ 555555555555 ฟีลแบบล่กๆ ขะขะขะขะขะขอ พะพะพะพะพาวเว่อ บะะบะบะบะบง 1 ครับ ยะยะยะยอช เอ้ยยยย 55555555555,1,1,1,1,1,1
คุณ GBA คิมโดยองไปหน้าช็อปฉลอง 1M ค่า หล่อ น่ารัก ดูดีสุดๆ !!,2,1,1,2,2,2
55555555คนที่ใช่ไม่ต้องพยายาม แม้แต่จะยื่นมือมาพยุงยังไม่มี สาแก่ใจกูยิ่งนัก #อุงเอิง,1,1,1,1,1,1
นี้คือหลักฐานที่เจ้าของรูปบอกมาค่ะ วันที่ถ่ายก็คือตอนมีดราม่าแล้ว ไม่เห็นว่าจะรู้สึกเสียใจกับสิ่งที่ตัวเองทำเลยสักนิด #อุงเอิง,3,3,3,3,3,3
และนี้คือสิ่งที่เราไปเจอหน้างาน  เราเป็นคนแรกที่เข้าไปนั่งแล้วถูกเชิญออก นี้คือสิ่งที่ร้านทำ 😏 เข็ดแล้ว ถ้าไม่ได้แนะนำอย่าซื้อพวกร้านแบบนี้ ประวัติร้านดีเห็นกดคอนอื่นๆ อีก เสียความรู้สึกสุดๆ #buybybei,0,0,0,0,0,0
คำพูดโคตรน่ารังเกียจ #อุงเอิง,3,3,3,3,3,3
คนไทยไปหาหมอเหอะอีดอก ประหลาดขึ้นเรื่อยๆละ ตามดราม่าจนสมองกลับมั้ง,3,3,3,3,3,3
"เอ็นดูแมวที่สวมเสื้อ ""I still live with my parents"" ดีแล้วลูก เศรษฐกิจแบบนี้อย่าหนีออกไปเป็นแมวจรเลย  ลำบากทาสประกาศตามหานะ 😂😂😂",1,1,1,1,1,1
ทุกคนมาดูความปัง ความจึ้ง ความแส่บนี้ โอ้ยไม่รู้จะอวยอะไร พีพีทำถึงเกินอะ ชอบ ถูก!,1,1,1,1,1,1
พ่อนี่ทะเลาะกับมิจการไฟฟ้า ละนางมิจโทรกลับมาทำเป็น Kerry บอกว่ามีพัสดุยาว 2 เมตร เป็นโลงศพ เพราะพ่อคุณตาย ละกดวางสาย เหี้ยมากกก 555555555,1,1,1,1,1,1
น่ารักมาก ㅠㅠ ยัยแก้งนี้ ฮือ เอ็นดูอะ หลุดขำไปไม่รู้กี่รอบ แต่ก็ยังออกมาน่ารัก 🤏🏻💖✨,2,2,2,2,2,2
ดีใจจัง คนพี่คือโดนมาตลอดว่าไม่เล่นอะไร ไม่สนิทกับคนในวง แล้วดูวันนี้ดิ ดูสนิทใจที่จะเล่นกับน้องมาก น่ารักมากจัง😭😭😭,2,2,2,2,2,2
คนเราร้องไห้ได้ทุกวัน ทุกวันที่อยากร้อง บางทีเราก็ไม่ได้เศร้าเสียใจนะ แค่รู้สึกว่าชีวิตมันเต็มแก้วก็เลยร้องไห้ให้มันออกไปสักหน่อย วันที่ไม่ได้ดั่งใจ จุกจิก มู่ทู่ ร้องหมดไม่สน,0,0,0,0,0,0
ฉันแค่เหนื่อย เหนื่อยทุกอย่าง ในใจมันเศร้า มันพังไปหมด,0,0,0,0,0,0
น่าเศร้าแค่ไหน แม้แต่เจ็บป่วยก็ไม่มีสิทธิ์,0,0,0,0,0,0
นางแบบตัวเต็ง ตัวมัม ตัวเริ่ด ตัวเป้งของแม่ รักน้องแน็กที่สุดในโลกมาก แค่ได้เจอแปปเดียวก็มีแฮงใจ เห้อออออ🤍🤏🏻,2,2,2,2,2,2
ที่ฮ่องกงเกิดคดีฆาตกรรมที่น่ากลัวมาก เมื่อผู้หญิงคนนึงไปเดินห้างกับแฟน แต่กลับมีผู้ชายถือมีดมาไล่แทงจนตายคาที่!,4,4,4,4,4,4
อเมริกามีคดีฆาตกรแม่เลี้ยงใจร้ายที่น่ากลัวมากและกลายเป็นประเด็นใหญ่ ภาพที่เห็นอยู่นี้คือแม่เลี้ยงใจร้ายที่ลงมือฆาตกรรมเด็กผู้หญิงหกขวบแล้วใส่รถลากไปทิ้ง,4,4,4,4,4,4
เรือลำนี้มีคนตายร่วม 49 คน ถูกเรียกว่าเป็นบ้านผีสิงลอยน้ำ และยังอาจเคยเกิดคดีฆาตกรรม จนเชื่อว่าเรือนี้เต็มไปด้วยวิญญาณและต้องทำพิธีไล่ผีมากกว่า 50 ครั้ง! ,4,4,4,4,4,4
ผักสดจากต้นของจริง ขนาดเมื่อวานเจอตัวเท่าขี้เล็บยังตกใจ ถ้าเจอไซซ์แบบจขทว.คงช็อกคาร้าน 🫠🫠,5,5,5,5,5,5
อมกๆๆๆๆๆๆ ที่ตกใจด้วยคือพิไอซ์ก็มาดูน้องเตนล์อะ ร่วมงานกันครั้งเดียวเอง ย้งมาซัพพอร์ตกัน น่ารัก แล้วดูแววตาที่เค้าดูเตนยิ้มในแมสก์แน่ๆอะ ,5,5,5,5,5,5
อยู่ๆ หนูก็ โผล่มา เซอร์ไพรส์ เกิน ตั้งตัวไม่ทัน #แจมรชตะ,5,5,5,5,5,5
ตั้งแต่ติ่งมาไม่เคยเห็นโมเม้นสปอยอะไรแบบนี้เลย5555555 มีแต่แบบอึ้ง เซอร์ไพรส์ ตอนที่ทุกอย่างเสร็จหมดแล้ว,5,5,5,5,5,5
ละเกลค่ดน่ารักกก บอกให้นกยูงใจเย็นๆ เดี๋ยวน้องไปหาอาหารให้ ใจเย็นๆ เดี๋ยวน้องเกลไปหาอาหารห้ายยยย คือเป็นเด็กที่ช่างพูด ฉลาด ละน่ารักอะไรขนาดนี้อะเกลลลลล หลงมากกๆๆๆๆ,2,2,2,2,2,2
ว่ากันว่าคนไทยมีความรุ่มรวยทางภาษา คลิปนี้ทำให้เห็นว่า ภาษาไทยดิ้นได้ถึงไหน MVP สุด ดูกี่ทีก็ขำ 🤣🤣🤣,1,1,1,1,1,1
มึง น้องหมีมากอดพี่เขา เพราะพี่เขาช่วยชีวิตน้องไว้จากไฟป่า น้องกอดไม่ยอมปล่อยเลยอ่าา😭😭😭😭😭,0,0,0,0,0,0
ขอสมน้ำหน้าอิพ่อ เวรกรรมในรูปแบบลูกเริ่มทำงานละ,3,3,3,3,3,3
รีรันตอนพี่นุ่นแชทมาขอโทษ นางแคปทั้งแชท ทั้งออกมาถ่ายคลิปพูดเยอะไปหมด !!! *** พอตอนตัวเองก่อเรื่อง ขอโทษในสตอรี่ไอจี แล้วอวยตัวเองตอนจบ สั้นๆ ง่ายๆมาก !!!! 🙄 #อุงเอิง,3,3,3,3,3,3
4500 คือมีจริงมั้ยพี่ ถ้าไม่ขายก็บอกกันดีๆก็ได้ #ฉันเคยบอกกับเธอหรือยัง,3,3,3,3,3,3
ใครทำพี่ผม!!!! น้องจิ๋วนี่ใช่มั้ย!!!55555555,5,1,1,1,1,1
ทำผมได้ แต่อย่ามาทำคนที่ผมชอบ กับเด็กก็ไม่เว้น 555555555555555555555555555555555555555555555555555555555555 ,1,1,1,1,1,1
ลุคโหดๆ สนุกสนานสุดๆ,1,1,1,1,1,1
น่าเกลียดไปมั้ย เคอร์ยังตอบแบบเลี่ยงๆว่าบรรยากาศแตกต่าง แอ้มตอบชัดๆตรงๆว่าสบายใจที่เคอร์ไปอยู่อีกทีม เพราะไม่ชอบใจ คนแบบนี้โคตรไม่น่าคบหาเลย ไม่มีความมืออาชีพด้วย การทำงานมันไม่มีทางที่จะได้อยู่แต่กับคนที่ตัวเองชอบ แต่เค้าไม่คิดจะรักษาบรรยากาศในการทำงานเลย #HellsKitchenThailand,3,3,3,3,3,3
#อุงเอิง มึงกูไม่ได้บูลลี่นะ แต่กูกลัว ช่วยกูด้วยยยยยยย,4,4,4,4,4,4
คือนี่อยากรู้มากว่าทำไมแม้แต่พ่อยังดูกลัวฮารินอะ กลัวแบบตัวหดเลย บทฮารินคือจิตมากแล้วพี่ดาอาทำถึงสุดๆๆๆ เรื่องแรกได้ขนาดนี้คือเก่งมากเลยอ่ะ,5,5,5,5,5,5
ห๊าาาา แตะพี่จินก็กลัวแล้วแต่ยังต้องเดินอ่ะ เอเอหลบแบบตัวหดนิดเดียว โกดดดด,3,3,3,3,3,3
โหมดนางแบบชีทำถึงเกินอะ สู้กล้อง สู้แฟลช สู้ลม แถมท่าโพสสับมาก ปวดเอวไม่กลัว กลัวไม่สวยค่ะ เชิ่ด เรามันตัวแม่,5,5,5,5,5,5
ม๋าแดงมันกลัวเงาตัวเอง 555555555555 ฮือ ยังเร้กอยู่มาก เพิ่งเคยเหนคับ ตุวไรอะ ,1,1,2,1,2,1
มึง น่ากลัวอะ มันเหมือนจ้องหน้าทุกคนที่จ้องมัน แล้วก็ลอยมาหาอะ กลัว5555555555555555,4,4,4,4,4,4
เอ้าน้ำตาแตกเฉย ฮือออน้องเป้อน่ารักมาก,2,2,2,2,2,2
ไอยูกับน้องข้าว Love119 น่ารักมาก สลับกันเต้นคนละเพลงนะคับนูน่า 555555555555,2,2,2,2,2,2
น่ารักเกิ้นนนน ยิ้มหวานฟันสวยมู่จู้,2,2,2,2,2,2
ฉันวาดไม่ทันวาเลนไทน์ ฉันเศร้ามาก *ปิดหน้าร้องไห้*,0,0,0,0,0,0
เหงา เศร้า ก้อมีแต่เหล้า ที่อยู่เคียงข้างตลอด,0,1,0,0,1,0
“เจ็บเท่าไรยินดีให้เขานั้นเดินไป อย่างที่ฉันกำลังที่จะทำ เจ็บช้ำด้วยความเต็มใจ” โฮรรรร เพลงเศร้าที่ตอนนั้นไม่เศร้า แต่ตอนนี้เศร้ามากกกก ,0,0,0,0,0,0
ขอย้ำอีกครั้งนึงว่าวินเล่นบทเศร้าได้สุดยอด,5,5,5,5,5,5
เวลาคนขาวแซะอาหารไทย โกรธมาก แต่พอเห็นภาพอาหารที่มันต้องกินกันทุกวันก็ใจเย็นลง เกินเป็นความสงสาร,3,3,3,3,3,3
เต้นโหดเหมือนโกรธเวควัน,5,5,5,5,5,5
เราต้องโกรธประวิตรมากกว่านี้อะ สภาไม่เข้า งานไม่ทำ ละมันต้องแก่มาแบบโซตัสขนาดไหนถึงขั้นเรียกคนอยากเจอเข้าไปหาที่บ้าน ใครที่ไหนเขาสั่งเพื่อนร่วมงานไปตามงานที่บ้านกันบ้าง,3,3,3,3,3,3
โกรธตัวเองเหมือนกัน ไม่เคยเข้มแข็ง ได้เหมือนปากตัวเองเลย,0,0,0,0,0,0
แล้วแบบนี้ใครจะโกรธเกี๊ยวลง แล้วแบบนี้ใครจะอดใจไม่หมั่นเขี้ยวเกี๊ยวไหว,2,2,2,2,2,2
โกรธตัวเองอ่ะ เกลียดตัวเองด้วยเอาจริง ชีวิตนี้เคยสนใจอะไรบ้างมั้ยวะกู,3,3,3,3,3,3
โกรธตลาดหุ้นวันนี้จังเลย ไม่ได้ออกซักไม้ แดงเก่งมากกก,3,3,3,3,3,3
มึง กุโกรธจริงไอเหี้ย,3,3,3,3,3,3
ไอ้ห่านราก..มันมองว่าคนไทยโง่หรอวะ,3,3,3,3,3,3
มาอยู่ต่างถิ่นทำเป็นนักเลง มาเตะกุนี่เมิงเจ็บหนักแน่ กลับปนะเทศแทบไม่ทัน,3,3,3,3,3,3
โหสงสารเขามากอะ,0,0,0,0,0,0
โห้ เสียค่าเครื่อง ค่าเดินทาง ค่าที่พัก แล้วไม่ได้เข้าไปดู เห็นใจอ่ะ ทำไมต้องเอาเปรียบกันขนาดนี้,0,0,0,0,0,0
คนโกงนี้มันยังไง เสียใจแทนเลยอ่ะ,0,0,0,0,0,0
ทำกันได้ นี่หรือสิ่งที่มนุษย์ทำกับมนุษย์ด้วยกันเอง เหี้ยจริงๆ,3,3,3,3,3,3
ศัตรูของศัตรูคือศัตรูไม่ไกลเกินจริงรายการนี้,3,3,3,3,3,3
ปิดครัว เปิดคณะตลกเถอะ,1,1,1,1,1,1
แล้วคุณยืนตรงเนี้ยเพื่อ save ตัวเอง ไม่คิดจะช่วยเพื่อนเลยหรอ,3,3,3,3,3,3
เชฟป้อมม ตรงใจหนูมากกก เผลอ ๆ ตรงใจกับคนทั้งประเทศ สะใจว้อย,1,1,1,1,1,1
เป็นกลุ่มที่อยากให้ออกไปก่อนใครเพื่อนเลย รำคาญความเห็นแก่ตัว,3,3,3,3,3,3
มิตรภาพทีมสีแดงยังแน่นแฟ้นเหมือนเดิม ...ใช่ไหมครับ,4,4,4,4,4,4
"""แอ้ม"" ดีใจมาก รู้อยู่แล้วว่า ""เฟน"" จะต้องกลับมาได้",1,1,1,1,1,1
ซุงบอกถ้ายังทำแบบนี้อยู่ก็จะออกมาพูดเรื่อยๆว่าทำอะไรไว้บ้าง แล้วก็มีอีกหลายเรื่องที่เพื่อนเขาโดนกระทำ,3,3,3,3,3,3
จำได้เลยตอนที่เก๋ไก๋ร้องไห้ เรื่องไม่อยากทำช่องต่อ นางเอารูปหมาลงigแล้วในแคปชั่น #โอ๋ๆไม่ร้องนะ เกลียดตั้งแต่ตอนนั้น,3,3,3,3,3,3
โอ้ยยย ต้องเหี้ยขนาดไหนถึงทำแบบนี้ได้ รู้เลยว่าจงใจ,3,3,3,3,3,3
ขอให้ทางข้างหน้า หนูพบเจอแต่ความสุขสมหวังตามที่ตั้งใจนะ,2,2,2,2,2,2
"คัมแบ็คแล้ว! สำหรับศิลปีนสุดฮอต ""JAONAAY""",5,5,5,5,5,5
ขอบคุณน้องยอร์ชมากนะลูก ที่ไม่ทิ้งความฝัน เหมือนหนูมามอบความสุขให้กับชีวิตมัมหมีอีกครั้ง,2,2,2,2,2,2
ก็ใจมันแคบ เลย #รัก ได้คนเดียว,2,2,2,2,2,2
มันต้องใช่แน่เลย.... วันนี้ตำรวจตกใจ นั่งรถมาแถววัดพระธรรมกายเป็นร้อย,5,5,5,5,5,5
เป็นใคร ก็ #ตกใจ,5,5,5,5,5,5
แด๊ดดี้จะมาโพสต์แบบนี้ ตอนกลางคืนแบบนี้มิได้นะ #ตกใจ,5,5,5,5,5,5
รูป Mona Lisa ใหม่ ที่คาดว่าจะถูกเอามาวางไว้แทนรูปเดิมใน Louvre ป้องกันผู้ประท้วงใน Paris #ตกใจ เข้าไปขโมยหรือ #เผาเลย ในช่วงสุดสัปดาห์นี้,5,5,5,5,5,5
พี่คณะลงรูปใส่แคปชัน Barcode = บ่าโขด = ไม่โกรธ ทำไมรู้สึกขำรูป55555555555555555555555555555,1,1,1,1,1,1
ตอนนั้นเซอไพร้สมากกกที่ป๋าโยไปดูคอนนสจ,,,5,,,
โคตรน่ากลัวเลย,,,4,,,
ปกติเป็นคนหลับๆตื่น หลับไมาลึกฝันอะไรไปตื่นมาก็จำไม่ได้และมปต่เมื่อคืนเหมือนจริงจนจบฝันแล้วตื่นพอดีมาลืมตาปึ้ง กลัวจนไท่กล้าหลับต่อ,,,4,,,
หลอนเสียงโทรศัพท์,,,4,,,
ขอพักแอคแปป กลัวเอ้มวีมาจะติดลิมิต,,,4,,,
อย่าให้พูดเลยค่ะ เพราะถ้าถามว่าอันนั่นเรียกเพลงแล้วกลัวว่าจะไม่ได้หมายถึงเพลงเตน แต่เป็น 😔😔😔,,,4,,,
เมื่อคืนฝันน่ากลัวมาก เป็นฝันที่แบบเหมือนเกิดจริง 🥹,,,4,,,
ขอบคุณฮั้บ ฝุ่นน่ากลัวเกิน 😭,,,4,,,
ผมยังทำใจไม่ได้เลย อาจารย์โทริยามะ ขอบคุณมากครับ,,,4,,,
มึงกุโกรธมาก นี่คือหน่วยงานที่คอยดูแลประชาชนจริงๆใช่ปะ กี่ครั้งแล้ว หลับ แดกเหล้า วาจา ละเลยในเวลางาน กุถามจริง!! อย่ามาบอกว่าตำรวจดีก็มี มึงเอาจริงปะปท.ไทย ตำรวจดีมีกี่คน? ดีออกอะดิ ,,,3,,,
#โหนกระแส ติดตามข่าวสารต้องแท็กนี้5555,,,1,,,
นัส บอกว่า ถ้าย้อนเวลากลับไปได้ อยากแก้ไขพฤติกรรมตัวเองในรายการโหนกระแสวันนั้น ที่ออกมาปกป้องอดีตสามีและทีม แต่ไม่ได้โทษใคร โทษตัวเองที่ควบคุมอารมณ์ได้ไม่ดีเลย ,,,0,,,
กรี๊ดดดดดดด น่ารักมากกกกกก,,,2,,,
น่ารัก วันนี้ได้อำอวยพรวันเกิดเยอะเลยซินะ ขับรถกลับดีๆเด้อ,,,2,,,
รักเหมือนเดิมนะกั้บบบ 🤍💙,,,2,,,
หล่อมากกกกก น่ารักมากกกกกกก,,,2,,,
ฟอสสีเก่งมาก กลับบ้านพักผ่อนน้า รักหนูนะค้าบบบ,,,2,,,
วันกดบัตรไม่เท่าไหร่ แต่กุกลัวผังกับราคามากกว่าตอนนี้ 5555555555,,,4,,,
จังหวะส่งข้อความไปหาคนที่ชอบ พอส่งเสร็จรีบปิดทรศ เปิดโหมดพระจันทร์ กลัวคำตอบเขา เขินว่ะ แค่คิดนะนิ,,,4,,,
ตอนหาเสียง : อมยิ้มแล้ว ตอนนี้ : กลัวนายจ้างอยู่ไม่ไหว จะเป็นผลร้ายกับแรงงานมากกว่า🙄 ,,,4,,,
ตลกดี เอาความยากลำบากของแรงงานมาเป็นคอนเท้นลงเน็ต แต่ในสภาปัดตกร่างที่แรงงานได้ประโยชน์ กลัวว่าแรงงานสุขสบายแล้วจะไม่มีใครให้โปรดสัตว์อะดิ,,,3,,,
รยูจินกลัวแมลงทุกชนิด แล้วดูแชรยองไล่แมลง 5555555555555555555555555555,,,1,,,
ฮาความกลัวหมึกของเก๋ไม่ไหว😂เพื่อนๆคือชอบใจกันสุด😆 #เก๋ไก๋ #เก๋ไก๋2024 #kaykai,,,1,,,
คนที่กลัวน้าผีแล้วน่ารักที่สุดในโลก 😭😭💔💔,,,1,,,
ใครจะขี้กลัวไปกว่าพี่ใหญ่ไลน์ 55555555555555 ละน้องแพรกับน้องโรร่าอยู่ด้วยกัน EP หน้า 🤣#BABYMONSTER,,,1,,,
ตกใจจริงนะสัส,,,5,,,
จริง ๆ ฉันก็ตกใจนะคะ ตกใจใน ความหล่อ ของคุณCEO มาก ๆ เลยค่ะ /หัวเราะ,,,1,,,
โอ้มายก้อดดดด น้องเล่อบอกว่าอันนี้ไม่ใช่ทีเซอเอมวี เปนทีเซอของดราม่า(ละคร)เล้กๆของโลกของพวกเรา ไม่เกี่ยวไรกับเอมวี,,,5,,,
คงจะเป้นอะไรเซอไพ้มากๆๆ ถ้าคอนเสปน้องเค้กกับน้องดรีมเชื่อมโยงกันงี้ แบบเป้นบ้านหลังหนึ่งที่มีเรื่องราวเกิดขึ้น โอ้ย ขนลุก แต่รุปพี่กิกับม้าคไวบ์คล้ายกันเลย แต่พี่กิถือแก้วมังกร ม้าคถือหัวใจที่มีตะปูแทง? โอ้ย ไม่รุ้ๆๆ รุ้แค่ว่าชอบมาก,,,5,,,
ม้าคมินหวานจนลืมความดาร์คของอีกครึ่งทีเซอไปเลย,,,2,,,
เซอไพรส์มากกก กรี้ดลั่นห้องเลยว่ส ต้าๆๆๆๆๆ #ร้องข้ามกำแพง #Tara #taratiwat,,,5,,,
แกเอ้ยพี่เค้าเร้กมาก แต่พอไปดูบทฮารินแล้วยิ่งว้าวที่เค้าเล่นเก่งขนาดนี้55555555555555,,,5,,,
ผมตอนอ่านเธรดนี้ อ้าปากค้างตาโตแบบนี้เลย ว้าวมากๆๆๆ เค้าวิเคราะห์ได้ยอดเยี่ยมเจ๋งแจ๋วที่สุด!!!,,,5,,,
เออร์วินเก่งอะ ว้าวมากตอนโดดขึ้นมา,,,5,,,
เอนดุน้องริคกี้มันว้าวกับคลิปพี่แทนเต้นซุปเปอร์เลดี้ น่ารักมากอะ,,,2,,,
คู่จิ้นคู่ใหม่ บนความว้าววของfc 🤣🥰❤️,,,2,,,
